Category,State/UT,Number of Convicts Admitted During the year,Number of Habitual Offenders,year,Agriculture,Carpentry,Canning,Tailoring,Weaving,Making of Soap & Phenyl,Handloom,Others,No. of prisoners to whom financial assistance provided on release,No. of convicts rehabilitated,No. of prisoners to whom legal aid provided,Wages paid per day to convicts (in Rs.) - Skilled,Wages paid per day to convicts (in Rs.) - Semi Skilled,Wages paid per day to convicts (in Rs.) - Unskilled,16 - 18 Years - Male,16 - 18 Years - Female,18 - 30 Years - Male,18 - 30 Years - Female,30 - 50 Years - Male,30 - 50 Years - Female,50 Years & Above - Male,50 Years & Above - Female,State/UT_Mapped
State,Andhra Pradesh,6833,431,2014,0,0,0,318,257,0,0,2638,0,188,1846,70.0,50.0,30.0,0,0,707,38,1378,78,377,26,1
State,Arunachal Pradesh,29,0,2014,7,0,0,0,0,0,0,2,0,0,5,75.0,0.0,55.0,0,0,15,0,13,0,4,0,2
State,Assam,2330,25,2014,0,0,82,38,74,0,0,130,100,50,821,75.0,0.0,55.0,0,0,715,23,1880,65,438,20,3
State,Bihar,5447,66,2014,198,12,0,27,22,11,0,1338,60,1,614,121.0,87.0,80.0,0,0,1068,20,2323,69,943,23,4
State,Chhattisgarh,4568,16,2014,88,0,0,234,415,53,0,898,0,0,2597,30.0,0.0,25.0,0,0,2874,95,2965,193,983,46,5
State,Goa,120,15,2014,6,0,0,6,0,0,0,85,0,0,126,80.0,60.0,50.0,0,0,45,3,78,4,14,1,6
State,Gujarat,5748,1,2014,5,512,0,911,1147,0,237,1627,136,69,1591,42.0,36.0,30.0,0,0,925,18,2066,94,670,64,7
State,Haryana,5195,54,2014,26,0,6,6,0,5,8,1557,0,70,3640,40.0,25.0,20.0,0,0,3160,99,3137,158,875,88,8
State,Himachal Pradesh,533,4,2014,0,21,0,11,18,0,0,47,8,7,384,0.0,0.0,170.0,0,0,223,4,505,17,144,11,9
State,Jharkhand,2733,414,2014,403,35,0,115,198,30,280,1589,0,22,1142,121.0,87.0,80.0,0,0,70,0,210,6,57,6,10
State,Karnataka,30616,6,2014,0,36,0,137,76,37,0,655,0,0,189,90.0,80.0,70.0,0,0,1038,25,2107,90,578,32,11
State,Kerala,6840,507,2014,78,88,0,110,107,70,15,626,0,0,1019,53.0,35.0,21.0,0,0,2061,81,1766,115,151,11,12
State,Madhya Pradesh,13075,86,2014,1471,621,136,751,929,132,717,2806,0,0,3516,55.0,0.0,50.0,0,0,851,19,1282,34,410,11,13
State,Maharashtra,15176,37,2014,0,531,0,473,0,0,0,2600,28,0,1817,55.0,50.0,40.0,0,0,5673,118,8785,315,2109,88,14
State,Manipur,54,0,2014,0,0,0,14,0,0,0,44,0,0,0,12.0,10.0,8.0,0,0,1830,84,4240,245,1453,72,15
State,Meghalaya,156,0,2014,0,32,38,0,0,0,0,3,100,0,226,70.0,60.0,50.0,0,0,33,0,43,1,16,0,16
State,Mizoram,1585,512,2014,0,52,0,21,0,0,24,0,37,43,204,15.0,12.0,10.0,0,0,46,1,34,0,4,0,17
State,Nagaland,154,13,2014,0,0,0,5,0,0,0,0,30,0,58,0.0,0.0,0.0,0,0,239,10,211,6,33,0,18
State,Odisha,1791,66,2014,0,65,0,200,330,50,0,197,8,95,412,40.0,40.0,40.0,0,0,35,0,28,2,4,0,19
State,Punjab,8125,289,2014,1851,670,0,279,1747,23,0,6774,0,27,1987,35.0,30.0,25.0,0,0,1356,25,1304,59,519,24,20
State,Rajasthan,8530,90,2014,0,0,0,136,213,0,0,7902,0,0,1647,40.0,30.0,20.0,0,0,2981,199,5640,251,1388,81,21
State,Sikkim,93,7,2014,6,12,16,2,0,0,0,19,0,0,490,40.0,30.0,30.0,0,0,1605,42,2638,145,1157,44,22
State,Tamil Nadu,4110,87,2014,35,0,0,0,116,0,15,2877,30,961,4951,100.0,80.0,60.0,0,0,23,1,72,1,10,0,23
State,Telangana,6543,603,2014,0,0,0,53,73,13,0,645,0,151,799,70.0,50.0,30.0,0,0,1214,18,2912,95,657,45,24
State,Tripura,1540,34,2014,142,0,29,14,22,0,0,19,0,0,19,25.0,21.0,18.0,0,0,879,18,998,128,149,23,25
State,Uttar Pradesh,31409,1406,2014,0,0,0,41,0,0,0,288,339,15,2955,40.0,30.0,25.0,0,0,118,5,294,4,79,2,26
State,Uttarakhand,2951,2,2014,40,0,0,90,10,0,0,105,0,337,767,45.0,35.0,30.0,0,0,5470,122,12326,470,6800,378,27
State,West Bengal,12231,611,2014,85,15,0,75,106,5,0,873,59,0,3036,35.0,30.0,20.0,0,0,648,29,818,35,442,27,28
UT,Chandigarh,340,7,2014,52,240,97,26,0,0,0,226,0,0,523,60.0,50.0,40.0,0,0,190,0,435,1,56,0,30
UT,Delhi,7871,842,2014,0,341,0,787,336,0,0,5250,0,20,41637,171.0,138.0,107.0,0,0,0,0,0,0,0,0,31
UT,Lakshadweep,0,0,2014,0,0,0,0,0,0,0,0,0,0,0,0.0,0.0,0.0,0,0,0,0,0,0,0,0,32
UT,Puducherry,194,18,2014,0,0,0,2,9,0,0,30,2,8,8,170.0,160.0,150.0,0,0,10,0,70,1,13,1,33
State,Andhra Pradesh,11321,526,2015,0,1502,0,329,45,0,0,1312,0,62,2243,70.0,50.0,30.0,0,0,728,28,1698,81,375,42,1
State,Arunachal Pradesh,29,0,2015,25,0,0,0,0,0,0,30,0,0,55,75.0,0.0,55.0,0,0,21,0,24,0,3,0,2
State,Assam,2410,20,2015,0,4,123,59,77,0,0,139,0,0,1194,75.0,0.0,55.0,0,0,864,32,1874,54,544,19,3
State,Bihar,4836,58,2015,0,5,0,11,20,75,0,2122,0,0,809,156.0,112.0,103.0,0,0,1176,41,2656,77,981,38,4
State,Chhattisgarh,4182,71,2015,0,324,23,248,413,0,0,390,0,0,3789,30.0,0.0,25.0,0,0,2672,99,3553,208,1159,83,5
State,Goa,230,0,2015,0,0,0,17,0,0,0,85,0,39,33,80.0,60.0,50.0,0,0,27,2,100,9,14,0,6
State,Gujarat,4271,1,2015,40,510,0,748,1045,113,0,1460,92,115,1070,42.0,36.0,30.0,0,0,925,27,2108,109,712,60,7
State,Haryana,5712,36,2015,26,168,6,104,0,5,8,2179,0,75,5561,40.0,25.0,20.0,0,0,3212,88,3245,160,1003,72,8
State,Himachal Pradesh,543,4,2015,10,8,0,13,14,0,0,81,0,0,535,0.0,0.0,170.0,0,0,200,3,437,20,124,9,9
State,Jharkhand,3207,379,2015,465,45,0,105,29,105,255,788,0,21,1504,144.0,113.0,91.0,0,0,73,0,201,6,58,4,10
State,Karnataka,30738,19,2015,0,41,0,83,71,36,0,320,0,0,393,90.0,80.0,70.0,0,0,1090,25,2080,101,700,21,11
State,Kerala,7024,222,2015,80,116,0,123,97,112,13,675,0,0,840,53.0,35.0,21.0,0,0,2000,94,1599,100,103,8,12
State,Madhya Pradesh,12741,138,2015,1263,294,138,528,756,121,584,839,0,0,3806,55.0,0.0,50.0,0,0,958,4,1274,40,465,17,13
State,Maharashtra,15323,40,2015,0,30,0,40,0,0,134,391,13,0,1952,55.0,50.0,40.0,0,0,6608,169,7919,335,1928,99,14
State,Manipur,17,1,2015,0,0,0,15,0,15,0,27,0,0,1,12.0,10.0,8.0,0,0,2205,87,3753,212,1548,86,15
State,Meghalaya,49,0,2015,0,34,0,0,0,0,0,0,120,6,321,133.0,126.0,119.0,0,0,25,0,46,1,13,0,16
State,Mizoram,1302,188,2015,0,45,0,5,0,0,15,10,10,50,880,15.0,12.0,10.0,0,0,35,0,32,0,6,0,17
State,Nagaland,115,9,2015,4,0,0,0,0,0,0,6,0,0,35,135.0,125.0,115.0,0,0,407,11,177,9,31,1,18
State,Odisha,1794,71,2015,0,20,0,130,390,45,211,141,10,98,410,40.0,40.0,40.0,0,0,15,0,33,1,6,1,19
State,Punjab,9283,166,2015,1248,1003,0,906,2919,214,0,5495,0,12,3902,35.0,30.0,25.0,0,0,1386,26,1335,61,548,25,20
State,Rajasthan,8638,105,2015,0,1170,0,941,0,0,0,18999,0,0,949,150.0,0.0,130.0,0,0,3832,129,4725,303,1499,111,21
State,Sikkim,81,10,2015,15,17,28,5,0,0,0,30,0,0,510,40.0,30.0,30.0,0,0,1688,48,3046,132,799,36,22
State,Tamil Nadu,3093,78,2015,41,0,0,15,121,5,0,1363,8,561,7473,100.0,80.0,60.0,0,0,26,2,70,1,12,0,23
State,Telangana,7139,353,2015,24,85,0,97,62,13,0,177,1,123,585,70.0,50.0,30.0,0,0,1049,12,3036,130,699,40,24
State,Tripura,1545,27,2015,138,0,34,31,20,0,0,21,0,0,158,33.0,28.0,24.0,0,0,852,27,1126,143,164,28,25
State,Uttar Pradesh,26795,1717,2015,0,0,0,98,0,0,0,639,91,10,3538,40.0,30.0,25.0,0,0,172,3,308,9,83,6,26
State,Uttarakhand,2699,14,2015,60,35,0,20,0,0,0,45,4,0,908,45.0,35.0,30.0,0,0,5517,135,12456,540,6911,358,27
State,West Bengal,12576,617,2015,65,20,0,240,0,7,0,792,58,2,4883,35.0,30.0,26.0,0,0,399,10,956,51,605,35,28
UT,Chandigarh,328,18,2015,64,210,86,18,0,0,0,170,0,0,617,60.0,50.0,40.0,0,0,124,0,253,1,40,0,30
UT,Delhi,7871,650,2015,0,1124,0,620,426,205,0,6684,0,33,45620,171.0,138.0,107.0,0,0,0,0,0,0,0,0,31
UT,Lakshadweep,1,0,2015,0,0,0,0,0,0,0,0,0,0,0,0.0,0.0,0.0,0,0,0,0,1,0,0,0,32
UT,Puducherry,182,24,2015,0,0,0,3,2,0,0,38,8,14,45,180.0,160.0,150.0,0,0,4,0,60,2,14,1,33
State,Andhra Pradesh,8577,263,2016,75,0,0,50,307,0,0,2388,0,29,1271,70.0,50.0,30.0,0,0,573,35,1633,83,227,27,1
State,Arunachal Pradesh,54,0,2016,0,0,0,0,0,0,0,90,0,0,76,75.0,0.0,55.0,0,0,32,0,41,0,3,0,2
State,Assam,2180,11,2016,77,59,4,0,0,0,123,157,0,0,1132,75.0,0.0,55.0,0,0,822,40,1957,54,482,17,3
State,Bihar,4822,128,2016,84,464,5,73,45,0,0,3517,0,27,931,156.0,112.0,103.0,0,0,1221,20,2891,86,1059,44,4
State,Chhattisgarh,4875,29,2016,483,384,278,0,25,0,0,1738,672,0,3868,30.0,0.0,25.0,0,0,3230,176,3683,186,907,62,5
State,Goa,50,6,2016,0,18,8,4,0,0,0,67,0,6,22,80.0,60.0,50.0,0,0,44,4,86,1,22,6,6
State,Gujarat,4640,1,2016,956,932,488,95,0,0,0,1800,152,65,1588,42.0,36.0,30.0,0,0,1748,66,1598,106,699,37,7
State,Haryana,5704,80,2016,0,238,0,0,0,0,0,4143,0,80,4667,60.0,50.0,40.0,0,0,2948,60,3097,156,879,66,8
State,Himachal Pradesh,643,4,2016,36,9,8,0,0,0,0,180,6,10,459,0.0,0.0,200.0,0,0,207,1,459,18,144,10,9
State,Jharkhand,3408,306,2016,225,210,59,20,165,69,0,2549,0,34,1489,144.0,113.0,91.0,0,0,48,5,177,5,39,3,10
State,Karnataka,31634,8,2016,0,0,68,0,41,0,0,555,103,248,251,90.0,80.0,70.0,0,0,1057,32,2272,104,887,34,11
State,Kerala,7034,234,2016,99,126,118,80,112,13,0,1491,0,0,2389,132.0,110.0,55.0,0,0,1986,94,1806,104,105,8,12
State,Madhya Pradesh,13393,60,2016,689,461,344,1348,133,531,91,1729,0,0,2527,110.0,0.0,62.0,0,0,664,4,1492,45,601,15,13
State,Maharashtra,17376,218,2016,0,37,60,0,0,0,0,666,40,0,1986,55.0,50.0,40.0,0,0,6647,163,7605,343,1962,104,14
State,Manipur,25,0,2016,0,0,0,0,0,0,0,50,0,0,310,12.0,10.0,8.0,0,0,2350,74,4140,203,1731,82,15
State,Meghalaya,70,0,2016,0,0,0,0,0,0,0,0,197,0,291,133.0,126.0,119.0,0,0,5,0,23,1,16,0,16
State,Mizoram,1511,166,2016,7,18,57,0,0,21,0,31,26,38,1137,15.0,12.0,10.0,0,0,17,0,52,0,14,0,17
State,Nagaland,165,5,2016,0,2,0,0,0,0,0,46,0,0,80,135.0,125.0,115.0,0,0,307,23,193,25,17,0,18
State,Odisha,2926,59,2016,0,0,0,0,0,0,0,92,20,0,448,40.0,40.0,40.0,0,0,46,0,32,1,5,0,19
State,Punjab,9389,198,2016,948,132,300,299,303,0,0,2612,0,6,4252,60.0,50.0,40.0,0,0,1435,27,1379,62,596,26,20
State,Rajasthan,8630,149,2016,0,56,0,0,0,0,0,1788,0,11,1567,150.0,0.0,130.0,0,0,3671,135,4187,271,1514,112,21
State,Sikkim,100,9,2016,0,2,14,10,0,0,17,20,0,0,684,40.0,30.0,30.0,0,0,1575,40,2907,120,655,30,22
State,Tamil Nadu,3921,58,2016,141,46,15,38,0,0,0,1472,10,528,5086,100.0,80.0,60.0,0,0,36,0,72,1,19,0,23
State,Telangana,10006,263,2016,79,148,0,24,12,0,0,644,1,114,524,100.0,50.0,30.0,0,0,1310,11,2932,118,795,42,24
State,Tripura,1527,59,2016,4,14,0,147,0,0,27,16,0,0,81,33.0,28.0,24.0,0,0,371,20,1140,110,316,34,25
State,Uttar Pradesh,31384,1279,2016,44,106,71,25,105,0,0,6152,395,11,3240,40.0,30.0,25.0,0,0,152,5,283,10,82,5,26
State,Uttarakhand,2946,48,2016,0,0,0,25,0,0,0,360,32,0,565,45.0,35.0,30.0,0,0,5525,151,12840,518,7206,384,27
State,West Bengal,14755,1145,2016,58,166,16,0,17,0,0,1034,333,33,5667,35.0,30.0,26.0,0,0,304,6,981,48,590,36,28
UT,Chandigarh,365,12,2016,0,76,218,0,0,0,79,285,0,0,374,60.0,50.0,40.0,0,0,13,0,30,2,9,0,30
UT,Delhi,7481,781,2016,306,25,374,0,0,0,0,5975,0,42,47091,361.0,328.0,297.0,0,0,0,0,0,0,0,0,31
UT,Lakshadweep,0,0,2016,0,0,0,0,0,0,0,0,0,0,0,0.0,0.0,0.0,0,0,0,0,0,0,0,0,32
UT,Puducherry,139,5,2016,8,3,0,0,0,0,0,53,2,17,86,180.0,160.0,150.0,0,0,6,1,49,0,10,0,33
State,Andhra Pradesh,11732,219,2017,0,0,0,222,0,44,0,1128,0,0,1476,70.0,50.0,30.0,0,0,872,49,1362,84,337,31,1
State,Arunachal Pradesh,46,0,2017,0,0,0,0,0,0,0,90,0,0,76,75.0,0.0,55.0,0,0,38,0,38,2,7,0,2
State,Assam,2263,119,2017,0,36,560,56,85,0,0,989,0,0,0,100.0,80.0,0.0,0,0,717,29,1612,43,751,32,3
State,Bihar,6599,193,2017,492,6,0,505,50,19,0,2903,13,22,1994,156.0,112.0,103.0,0,0,1256,50,3229,136,1471,53,4
State,Chhattisgarh,5204,26,2017,133,239,0,309,541,39,0,1638,672,0,5322,75.0,0.0,60.0,0,0,3106,160,3710,215,1199,88,5
State,Goa,33,10,2017,0,0,0,0,0,0,0,29,0,38,70,80.0,60.0,50.0,0,0,38,2,81,8,21,4,6
State,Gujarat,4311,0,2017,8,950,0,40,1211,0,0,1542,135,66,2891,100.0,80.0,70.0,0,0,1774,61,1719,108,581,35,7
State,Haryana,5093,107,2017,0,32,0,35,0,0,0,2088,0,70,3019,60.0,50.0,40.0,0,0,2799,57,3557,154,780,75,8
State,Himachal Pradesh,662,4,2017,20,6,0,15,9,0,0,251,0,0,455,0.0,0.0,210.0,0,0,179,4,500,14,163,13,9
State,Jharkhand,4798,313,2017,0,35,0,42,50,65,60,1989,0,0,1587,144.0,113.0,91.0,0,0,44,0,125,3,49,7,10
State,Karnataka,32464,8,2017,0,61,0,26,11,48,0,567,97,211,337,225.0,200.0,175.0,0,0,1132,48,2177,118,1101,43,11
State,Kerala,6555,537,2017,30,20,0,20,30,110,0,1848,0,0,6795,132.0,110.0,55.0,0,0,1991,98,1809,106,107,7,12
State,Madhya Pradesh,13524,14,2017,402,291,42,293,757,5,165,950,0,0,3872,110.0,0.0,62.0,0,0,716,1,1410,35,693,18,13
State,Maharashtra,12976,0,2017,63,475,0,437,0,14,30,1966,32,0,6693,61.0,55.0,45.0,0,0,6530,167,7747,366,2328,116,14
State,Manipur,50,0,2017,0,0,0,15,0,5,0,52,0,0,564,12.0,10.0,8.0,0,0,2414,83,4292,225,1873,78,15
State,Meghalaya,53,7,2017,0,27,0,0,0,0,0,4,136,0,680,133.0,126.0,119.0,0,0,10,0,29,2,20,0,16
State,Mizoram,1923,153,2017,0,43,0,15,5,0,23,10,18,54,1201,15.0,12.0,10.0,0,0,26,0,59,0,13,0,17
State,Nagaland,190,6,2017,0,0,0,52,0,15,0,154,0,0,56,135.0,125.0,115.0,0,0,313,2,241,7,15,0,18
State,Odisha,2216,24,2017,0,0,0,0,0,0,0,0,128,44,452,40.0,40.0,40.0,0,0,56,0,58,1,6,0,19
State,Punjab,9476,985,2017,921,204,0,171,490,31,96,1454,0,239,4722,60.0,50.0,40.0,0,0,1117,22,1822,67,602,34,20
State,Rajasthan,7228,16,2017,0,0,0,44,494,0,0,674,0,67,1618,150.0,0.0,130.0,0,0,3414,140,4501,239,1368,101,21
State,Sikkim,109,0,2017,30,12,16,3,0,0,0,66,0,0,681,40.0,30.0,30.0,0,0,1569,67,2871,81,896,36,22
State,Tamil Nadu,2789,98,2017,0,0,0,20,159,3,0,926,10,152,4535,100.0,80.0,60.0,0,0,40,2,87,1,30,1,23
State,Telangana,13153,269,2017,36,84,0,172,81,76,0,430,9,47,455,100.0,50.0,30.0,0,0,1501,28,2672,91,829,51,24
State,Tripura,819,7,2017,145,0,37,20,20,0,0,56,0,0,156,33.0,28.0,24.0,0,0,638,55,1005,74,245,29,25
State,Uttar Pradesh,27351,1290,2017,100,0,0,19,20,15,0,3054,235,0,4575,40.0,30.0,25.0,0,0,156,0,311,20,69,3,26
State,Uttarakhand,3131,42,2017,85,20,0,15,15,0,0,396,68,0,1334,45.0,35.0,30.0,0,0,5890,163,13194,458,7265,380,27
State,West Bengal,16800,991,2017,31,24,0,201,61,6,0,790,182,56,3063,100.0,90.0,80.0,0,0,516,18,965,53,536,31,28
UT,Chandigarh,338,0,2017,69,38,10,29,0,0,0,241,0,0,532,80.0,70.0,60.0,0,0,8,1,36,3,11,0,30
UT,Delhi,5464,1135,2017,0,208,0,458,190,0,0,6100,0,26,42750,361.0,328.0,297.0,0,0,0,0,0,0,0,0,31
UT,Lakshadweep,0,0,2017,0,0,0,0,0,0,0,0,0,0,0,0.0,0.0,0.0,0,0,0,0,0,0,0,0,32
UT,Puducherry,198,5,2017,0,0,0,8,15,0,0,80,10,14,60,180.0,160.0,150.0,0,0,6,0,61,1,11,0,33
State,Andhra Pradesh,15057,240,2019,120,17,0,103,1091,119,0,1890,0,0,1357,70.0,50.0,30.0,0,0,948,38,1382,95,288,34,1
State,Arunachal Pradesh,76,0,2019,10,0,0,0,0,0,0,21,0,0,166,75.0,0.0,55.0,0,0,66,0,62,3,10,0,2
State,Assam,2456,105,2019,0,75,750,86,105,0,0,652,232,15,3153,100.0,80.0,0.0,4,1,562,21,1754,25,650,13,3
State,Bihar,5660,68,2019,0,62,0,371,0,47,0,1781,2,6,3537,156.0,112.0,103.0,0,0,2007,74,4366,180,1792,94,4
State,Chhattisgarh,3857,12,2019,0,222,0,343,465,25,0,798,0,0,13627,75.0,0.0,60.0,0,0,3172,89,3688,230,992,85,5
State,Goa,145,0,2019,10,0,0,0,0,0,0,28,0,130,84,80.0,60.0,50.0,0,0,43,0,71,10,15,0,6
State,Gujarat,5766,0,2019,97,0,0,166,0,0,0,2565,0,0,3695,100.0,80.0,70.0,0,0,1820,51,1783,104,763,30,7
State,Haryana,5400,124,2019,0,40,0,40,0,0,0,1095,0,5,6273,60.0,50.0,40.0,0,0,2902,46,3280,132,805,59,8
State,Himachal Pradesh,853,0,2019,42,4,0,3,7,0,6,199,0,0,280,0.0,0.0,250.0,0,0,137,1,532,18,192,13,9
State,Jharkhand,4174,220,2019,422,21,0,171,242,100,158,1187,0,0,5412,144.0,113.0,91.0,0,0,37,0,119,3,34,5,10
State,Karnataka,3698,124,2019,20,57,0,143,26,6,0,2079,62,434,5789,225.0,200.0,175.0,0,0,1810,57,2775,129,1025,71,11
State,Kerala,5431,421,2019,18,0,0,0,0,145,0,1111,18,0,15216,152.0,127.0,63.0,0,0,1395,71,1887,95,485,53,12
State,Madhya Pradesh,13802,29,2019,241,338,110,355,813,0,342,1200,0,0,6188,120.0,0.0,72.0,0,0,652,6,1479,38,928,23,13
State,Maharashtra,12809,0,2019,139,405,0,546,0,0,235,2032,236,10,10549,61.0,55.0,44.0,0,0,7818,223,8958,391,2677,174,14
State,Manipur,62,0,2019,0,0,0,16,0,0,0,64,0,0,1450,12.0,10.0,8.0,0,0,2482,75,5146,219,1052,71,15
State,Meghalaya,122,13,2019,0,18,0,0,0,0,0,25,131,0,564,149.0,141.0,132.0,0,0,25,2,52,1,21,1,16
State,Mizoram,1716,779,2019,0,0,0,3,0,0,0,0,185,0,1879,30.0,24.0,20.0,0,0,38,0,88,1,23,0,17
State,Nagaland,156,19,2019,61,0,0,5,0,0,0,89,9,0,45,135.0,125.0,115.0,0,0,207,11,287,14,51,3,18
State,Odisha,1353,26,2019,0,0,0,38,48,5,0,10,162,42,1175,60.0,50.0,40.0,0,0,41,0,63,0,14,0,19
State,Punjab,7208,392,2019,494,177,0,109,410,62,0,1832,4,54,3962,60.0,50.0,40.0,0,0,1210,25,1895,73,491,29,20
State,Rajasthan,13000,263,2019,0,0,0,121,1620,0,0,899,2,0,1364,150.0,0.0,130.0,0,0,3210,128,3474,153,1093,74,21
State,Sikkim,44,0,2019,46,11,26,5,0,0,0,39,0,0,387,40.0,30.0,30.0,2,0,2000,33,2991,111,984,48,22
State,Tamil Nadu,3333,25,2019,0,0,0,482,183,0,0,1246,97,697,5242,200.0,180.0,160.0,0,0,24,0,82,3,36,0,23
State,Telangana,27591,502,2019,32,1,0,179,1055,20,0,685,19,319,784,100.0,50.0,30.0,0,0,1151,25,2120,88,759,52,24
State,Tripura,837,6,2019,84,30,12,15,15,0,0,43,0,0,136,33.0,28.0,24.0,0,0,609,29,1100,73,224,45,25
State,Uttar Pradesh,29496,1247,2019,35,115,0,306,309,119,0,4138,667,2,7715,40.0,30.0,25.0,0,0,104,4,271,15,97,6,26
State,Uttarakhand,3676,5,2019,26,0,0,0,0,0,0,55,0,0,1372,45.0,35.0,30.0,0,0,5476,178,13054,505,7782,475,27
State,West Bengal,16800,991,2019,330,24,0,201,61,39,0,767,182,56,3063,100.0,90.0,80.0,0,0,520,13,1098,55,517,27,28
UT,Chandigarh,264,11,2019,15,51,10,17,0,0,0,132,0,0,480,80.0,70.0,60.0,0,0,8,1,37,3,16,0,30
UT,Delhi,3455,1120,2019,0,188,0,445,153,74,0,10001,0,25,62361,361.0,328.0,297.0,0,0,0,0,0,0,0,0,31
UT,Lakshadweep,0,0,2019,0,0,0,0,0,0,0,0,0,0,0,0.0,0.0,0.0,0,0,0,0,0,0,0,0,32
UT,Puducherry,114,6,2019,0,0,0,6,0,0,0,14,0,0,49,180.0,160.0,150.0,0,0,7,0,54,0,10,1,33
State,Andhra Pradesh,3263,213,2020,186,17,0,196,106,98,108,1196,0,0,916,70.0,50.0,30.0,0,0,827,23,1091,58,332,26,1
State,Arunachal Pradesh,11,0,2020,0,0,0,0,0,0,0,0,0,0,21,75.0,0.0,55.0,0,0,54,0,58,2,10,2,2
State,Assam,1245,62,2020,205,99,103,75,75,302,603,0,79,58,3222,100.0,80.0,0.0,0,0,570,31,1605,29,526,13,3
State,Bihar,1504,91,2020,585,55,0,442,77,34,54,555,1,0,2338,156.0,112.0,103.0,0,0,1994,72,3508,136,1929,91,4
State,Chhattisgarh,1161,15,2020,127,216,31,206,350,15,58,222,0,0,6350,75.0,0.0,60.0,0,0,2371,68,2539,160,880,78,5
State,Goa,24,4,2020,3,3,0,3,0,0,0,0,0,25,41,80.0,60.0,50.0,0,0,35,0,49,5,15,0,6
State,Gujarat,1808,1,2020,182,60,20,134,143,38,0,892,0,0,5729,100.0,80.0,70.0,0,0,1048,35,1920,80,692,46,7
State,Haryana,362,10,2020,120,268,25,96,42,800,0,561,0,0,1154,60.0,50.0,40.0,0,0,1445,25,1432,51,355,24,8
State,Himachal Pradesh,356,0,2020,23,31,1,57,59,9,35,68,0,0,570,0.0,0.0,300.0,0,0,135,1,479,9,152,14,9
State,Jharkhand,1644,116,2020,150,52,0,135,48,6,37,192,12,156,3310,225.0,200.0,175.0,0,0,1300,39,2610,99,948,88,10
State,Karnataka,3304,169,2020,6,0,0,21,0,0,0,898,2,0,6087,152.0,127.0,63.0,0,0,1257,59,1791,98,421,51,11
State,Kerala,5838,21,2020,148,277,38,276,400,0,194,767,0,0,4890,120.0,0.0,72.0,0,0,478,3,1195,39,686,17,12
State,Madhya Pradesh,3325,0,2020,0,910,7,844,22,0,132,3009,124,3,3911,67.0,61.0,48.0,0,0,5669,161,5703,260,1734,113,13
State,Maharashtra,19,0,2020,50,0,0,8,0,22,23,7,0,0,0,50.0,40.0,30.0,4,0,1491,42,2860,120,923,42,14
State,Manipur,60,0,2020,0,18,0,0,0,0,0,0,186,0,481,148.0,141.0,132.0,0,0,33,2,42,1,19,1,15
State,Meghalaya,965,402,2020,18,13,0,4,0,0,7,386,198,250,695,30.0,24.0,20.0,0,0,35,0,96,1,36,0,16
State,Mizoram,58,9,2020,53,0,6,3,0,15,0,35,6,0,74,135.0,125.0,115.0,0,0,172,5,213,11,27,1,17
State,Nagaland,922,19,2020,144,7,3,56,176,28,38,16,86,30,626,60.0,50.0,40.0,0,0,34,0,45,0,16,0,18
State,Odisha,2932,79,2020,140,52,0,61,93,23,0,911,2,35,2735,60.0,50.0,40.0,0,0,793,15,1822,59,522,33,19
State,Punjab,6657,317,2020,0,119,0,605,0,0,0,6691,0,34,1191,180.0,0.0,156.0,0,0,917,19,1344,53,385,23,20
State,Rajasthan,21,0,2020,77,10,0,5,0,0,0,73,0,0,282,40.0,30.0,30.0,1,0,1654,33,2404,84,898,35,21
State,Sikkim,2541,21,2020,73,38,0,113,157,0,18,168,138,380,5337,200.0,180.0,160.0,0,0,23,0,73,1,27,0,22
State,Tamil Nadu,6959,481,2020,50,10,0,86,119,82,0,349,86,397,706,70.0,30.0,0.0,0,0,1123,14,1979,94,851,55,23
State,Telangana,391,10,2020,34,0,0,2,0,0,0,3,0,0,80,33.0,28.0,24.0,0,0,498,16,1008,88,276,19,24
State,Tripura,29653,1023,2020,1351,243,0,517,50,38,154,412,255,0,8311,40.0,30.0,25.0,0,0,67,1,226,12,76,5,25
State,Uttar Pradesh,1087,25,2020,7,15,0,8,5,0,13,80,0,0,3389,65.0,51.0,46.0,0,0,5189,224,12789,461,7485,454,26
State,Uttarakhand,2772,207,2020,120,23,0,232,0,17,27,368,0,0,5529,100.0,90.0,80.0,0,0,462,2,955,31,538,51,27
State,West Bengal,80673,3401,2020,4538,2567,292,4363,2220,1644,1747,17971,1175,1393,72720,0.0,0.0,0.0,0,0,667,33,2528,147,1419,107,28
UT,Chandigarh,13,0,2020,0,0,0,0,0,0,0,0,0,0,0,0.0,0.0,0.0,0,0,150,2,152,8,31,2,30
UT,Delhi,2,0,2020,0,0,0,0,0,0,0,0,0,0,2,0.0,0.0,0.0,0,0,468,11,717,18,171,12,31
UT,Lakshadweep,1,0,2020,0,0,0,0,0,0,0,0,0,0,0,0.0,0.0,0.0,0,0,0,0,1,0,0,0,32
UT,Puducherry,28,0,2020,0,0,0,0,0,0,0,2,0,0,18,180.0,160.0,150.0,0,0,2,0,53,0,17,0,33
State,Andhra Pradesh,1340,64,2021,48,10,0,108,20,24,8,677,0,0,784,200.0,180.0,160.0,0,0,621,11,1187,62,201,19,1
State,Arunachal Pradesh,23,0,2021,0,0,0,0,0,0,0,0,0,0,145,75.0,0.0,55.0,0,0,55,0,57,2,13,2,2
State,Assam,1939,0,2021,15,12,12,10,30,34,12,26,39,92,3753,100.0,80.0,0.0,0,0,596,31,1364,26,419,8,3
State,Bihar,2616,120,2021,1029,18,345,256,46,30,50,1178,56,0,3807,156.0,112.0,103.0,0,0,1624,57,3325,136,2065,88,4
State,Chhattisgarh,2631,0,2021,75,249,0,254,245,21,210,126,4,0,5133,75.0,0.0,60.0,0,0,2691,78,3528,204,1182,77,5
State,Goa,92,0,2021,0,0,0,0,0,0,0,0,0,30,52,80.0,60.0,50.0,0,0,23,0,29,0,10,0,6
State,Gujarat,4245,0,2021,182,89,15,92,183,9,9,552,0,4,11343,100.0,80.0,70.0,0,0,1351,32,2307,116,770,34,7
State,Haryana,3286,103,2021,176,400,212,115,14,3,0,1376,0,0,1919,60.0,50.0,40.0,0,0,1867,44,2823,93,996,52,8
State,Himachal Pradesh,348,3,2021,16,27,2,47,65,4,40,38,0,43,400,0.0,0.0,300.0,0,0,126,1,489,15,159,6,9
State,Jharkhand,1890,47,2021,333,38,0,304,45,37,78,658,17,165,3738,225.0,200.0,175.0,0,0,1335,37,2588,103,864,78,10
State,Karnataka,5834,188,2021,828,72,25,342,97,123,93,794,3,0,4829,152.0,127.0,63.0,0,0,890,34,2166,102,517,48,11
State,Kerala,14646,13,2021,181,250,27,306,485,0,265,573,0,0,3986,120.0,0.0,72.0,0,0,270,6,1178,26,690,12,12
State,Madhya Pradesh,4624,0,2021,23,113,40,51,49,8,16,199,153,29,6845,67.0,61.0,48.0,0,0,7929,270,8336,355,2198,166,13
State,Maharashtra,24,0,2021,0,0,0,8,0,0,7,7,0,0,0,50.0,40.0,30.0,7,0,1554,26,2380,93,731,28,14
State,Manipur,99,3,2021,22,27,0,0,0,0,0,5,223,0,455,148.4,140.7,132.3,0,0,31,1,44,1,10,0,15
State,Meghalaya,1134,173,2021,4,5,0,5,3,1,5,1,64,398,879,30.0,24.0,20.0,0,0,54,2,110,1,41,0,16
State,Mizoram,140,11,2021,13,23,17,13,4,9,12,4,0,0,106,135.0,125.0,115.0,0,0,215,6,207,9,32,1,17
State,Nagaland,1249,33,2021,209,0,0,32,0,85,0,585,15,2,1139,70.0,60.0,50.0,0,0,52,0,61,0,17,0,18
State,Odisha,8604,253,2021,3,164,0,112,190,23,0,384,245,25,5003,60.0,50.0,40.0,0,0,736,12,1348,47,457,19,19
State,Punjab,7026,107,2021,0,0,0,329,1768,0,0,2540,0,113,1795,180.0,0.0,156.0,0,0,2014,49,3303,151,939,74,20
State,Rajasthan,47,0,2021,16,12,0,5,0,0,0,83,0,0,158,40.0,30.0,30.0,0,0,1435,53,2530,63,832,34,21
State,Sikkim,3405,7,2021,88,20,0,159,159,108,28,490,108,574,8839,200.0,180.0,160.0,0,0,40,0,67,1,24,0,22
State,Tamil Nadu,13136,381,2021,145,92,0,284,110,79,41,466,12,312,1199,70.0,50.0,30.0,0,0,1303,10,2074,114,916,59,23
State,Telangana,411,7,2021,34,0,2,1,0,2,0,5,0,0,123,33.0,28.0,24.0,0,0,617,7,1095,73,281,45,24
State,Tripura,16049,1001,2021,1508,216,10,2483,2109,15,90,759,339,12,6495,40.0,30.0,25.0,0,0,89,1,215,14,89,4,25
State,Uttar Pradesh,2231,18,2021,76,28,0,18,24,0,20,144,0,0,1832,67.0,52.0,44.0,0,0,4710,169,13274,485,7634,423,26
State,Uttarakhand,3809,293,2021,41,1,0,51,0,2,0,63,5,37,4040,100.0,90.0,80.0,0,0,480,6,1038,37,601,44,27
State,West Bengal,102779,2891,2021,5700,1907,707,5535,5891,740,1301,12958,1283,1836,82857,0.0,0.0,0.0,0,0,432,28,1455,88,577,45,28
UT,Chandigarh,30,0,2021,0,0,0,0,0,0,0,0,0,0,0,0.0,0.0,0.0,0,0,66,3,93,3,9,0,30
UT,Delhi,2,0,2021,0,0,0,0,0,0,0,0,0,0,0,0.0,0.0,0.0,0,0,410,6,860,30,192,10,31
UT,Lakshadweep,0,0,2021,0,0,0,0,0,0,0,0,0,0,0,0.0,0.0,0.0,0,0,0,0,0,0,0,0,32
UT,Puducherry,38,0,2021,15,0,0,0,0,0,0,0,0,0,22,180.0,160.0,150.0,0,0,8,0,63,0,14,0,33
State,Andhra Pradesh,4184,38,2022,54,8,0,86,20,28,2,431,0,0,1313,200.0,180.0,160.0,0,0,714,12,959,54,227,17,1
State,Arunachal Pradesh,61,0,2022,0,0,0,0,0,0,0,0,0,0,155,75.0,0.0,55.0,0,0,55,0,75,1,17,3,2
State,Assam,2224,6,2022,101,8,94,43,82,72,13,59,0,0,3714,100.0,0.0,80.0,0,0,526,6,1596,31,586,24,3
State,Bihar,6042,23,2022,771,19,0,241,35,171,32,1180,60,0,4607,156.0,112.0,103.0,0,0,1779,43,3635,129,1694,91,4
State,Chhattisgarh,2635,0,2022,49,129,0,245,277,14,101,324,0,0,5246,75.0,0.0,60.0,0,0,2553,73,3463,192,1266,77,5
State,Goa,132,3,2022,4,5,5,8,7,0,5,0,0,0,170,80.0,60.0,50.0,0,0,21,0,58,5,15,0,6
State,Gujarat,4980,5,2022,89,36,0,272,85,10,0,1537,2,90,17937,100.0,80.0,70.0,0,0,1611,31,2422,126,882,49,7
State,Haryana,5456,145,2022,243,125,303,174,22,72,0,1197,0,0,3685,100.0,90.0,80.0,0,0,2076,34,2880,96,792,70,8
State,Himachal Pradesh,626,0,2022,29,52,5,50,38,1,0,105,0,0,561,0.0,0.0,350.0,0,0,145,2,544,12,177,12,9
State,Jharkhand,2996,27,2022,589,90,3,339,93,39,25,1684,8,143,3351,615.0,548.0,524.0,0,0,1245,42,2187,105,1164,64,10
State,Karnataka,3726,129,2022,117,0,20,23,0,34,0,616,0,3,6820,152.0,127.0,63.0,0,0,1107,26,1832,88,449,36,11
State,Kerala,13154,16,2022,330,271,103,309,332,0,304,414,0,0,4733,120.0,0.0,72.0,0,0,325,5,1689,24,960,18,12
State,Madhya Pradesh,9100,0,2022,165,75,13,86,41,15,84,1030,174,18,9550,67.0,61.0,48.0,0,0,8319,246,9767,461,2748,210,13
State,Maharashtra,108,0,2022,50,0,0,16,0,10,37,0,0,0,3,50.0,40.0,30.0,6,0,2087,32,4504,129,1093,96,14
State,Manipur,172,4,2022,33,40,10,0,0,0,0,0,263,0,327,148.4,140.7,132.3,0,0,16,1,53,0,35,1,15
State,Meghalaya,1814,142,2022,5,15,0,6,0,0,3,0,2,0,628,30.0,24.0,20.0,0,0,67,2,167,2,55,0,16
State,Mizoram,176,8,2022,63,50,30,30,30,30,30,110,3,0,84,135.0,125.0,115.0,0,0,218,6,184,30,82,4,17
State,Nagaland,1938,2,2022,0,0,0,45,0,63,35,431,0,0,2653,145.0,115.0,95.0,0,0,59,0,71,0,11,0,18
State,Odisha,5641,83,2022,209,128,23,83,273,6,11,399,155,99,7032,60.0,50.0,40.0,0,0,808,14,1434,46,544,32,19
State,Punjab,9798,72,2022,0,579,0,981,0,0,0,2787,4,71,2101,180.0,0.0,156.0,0,0,1962,54,2999,142,1262,71,20
State,Rajasthan,34,0,2022,24,20,0,4,0,0,0,49,0,0,227,40.0,30.0,30.0,0,0,1687,50,2604,68,934,22,21
State,Sikkim,5635,5,2022,109,145,14,371,191,65,210,1291,2165,733,9221,200.0,180.0,160.0,0,0,26,0,69,1,23,0,22
State,Tamil Nadu,9527,243,2022,142,129,0,160,112,218,73,1288,4,322,1539,70.0,50.0,30.0,0,0,1504,18,2443,123,890,66,23
State,Telangana,602,0,2022,256,0,0,0,0,0,0,0,0,0,253,49.5,42.0,36.0,0,0,646,9,1084,56,239,62,24
State,Tripura,25782,851,2022,1512,480,233,573,300,133,289,5133,305,11,5079,40.0,30.0,25.0,0,0,80,1,260,11,92,2,25
State,Uttar Pradesh,3205,19,2022,216,69,0,91,0,0,26,86,0,0,2265,67.0,52.0,44.0,0,0,5937,145,12353,549,7656,469,26
State,Uttarakhand,3593,169,2022,0,0,0,0,0,0,0,0,0,56,7524,100.0,90.0,80.0,0,0,576,12,961,26,476,31,27
State,West Bengal,126297,2012,2022,5495,2498,856,4317,2128,1015,1551,20556,3145,1546,103548,0.0,0.0,0.0,0,0,544,32,2209,125,1219,82,28
UT,Chandigarh,19,0,2022,0,0,0,0,0,0,0,0,0,0,0,0.0,0.0,0.0,0,0,153,3,152,11,35,5,30
UT,Delhi,1,0,2022,0,0,0,0,0,0,0,6,0,0,0,0.0,0.0,0.0,0,0,333,7,958,25,245,12,31
UT,Lakshadweep,2,0,2022,0,0,0,0,0,0,0,0,0,0,0,0.0,0.0,0.0,0,0,0,0,0,0,0,0,32
UT,Puducherry,108,0,2022,54,2,0,7,0,0,0,2,0,0,114,180.0,160.0,150.0,0,0,11,0,69,2,24,0,33
